Hierarchy_ID,Representative,Size,Mean_NES,Pathways
1.1,Peroxisomal Protein Import R-HSA-9033241,45,-1.5712164418992243,"Glycerophospholipid Catabolism R-HSA-6814848; Synthesis Of PIPs At Late Endosome Membrane R-HSA-1660517; Synthesis Of PIPs At Golgi Membrane R-HSA-1660514; Beta Oxidation Of decanoyl-CoA To octanoyl-CoA-CoA R-HSA-77346; Beta Oxidation Of hexanoyl-CoA To butanoyl-CoA R-HSA-77350; Beta Oxidation Of lauroyl-CoA To decanoyl-CoA-CoA R-HSA-77310; Beta Oxidation Of octanoyl-CoA To hexanoyl-CoA R-HSA-77348; Beta-oxidation Of Very Long Chain Fatty Acids R-HSA-390247; Beta-oxidation Of pristanoyl-CoA R-HSA-389887; Glycosphingolipid Metabolism R-HSA-1660662; Synthesis Of IP3 And IP4 In Cytosol R-HSA-1855204; Metabolism Of Lipids R-HSA-556833; Cholesterol Biosynthesis R-HSA-191273; Acyl Chain Remodeling Of CL R-HSA-1482798; Lipid Particle Organization R-HSA-8964572; Mitochondrial Fatty Acid Beta-Oxidation Of Saturated Fatty Acids R-HSA-77286; Mitochondrial Fatty Acid Beta-Oxidation Of Unsaturated Fatty Acids R-HSA-77288; Mitochondrial Fatty Acid Beta-Oxidation R-HSA-77289; Mitochondrial Protein Import R-HSA-1268020; Carnitine Metabolism R-HSA-200425; Synthesis Of Epoxy (EET) And Dihydroxyeicosatrienoic Acids (DHET) R-HSA-2142670; Synthesis Of Ketone Bodies R-HSA-77111; Class I Peroxisomal Membrane Protein Import R-HSA-9603798; Sphingolipid Metabolism R-HSA-428157; Estrogen Biosynthesis R-HSA-193144; Synthesis Of PC R-HSA-1483191; Peroxisomal Lipid Metabolism R-HSA-390918; Synthesis Of PA R-HSA-1483166; Peroxisomal Protein Import R-HSA-9033241; Phospholipid Metabolism R-HSA-1483257; ABC Transporters In Lipid Homeostasis R-HSA-1369062; Ketone Body Metabolism R-HSA-74182; Protein Localization R-HSA-9609507; PI Metabolism R-HSA-1483255; Downregulation Of TGF-beta Receptor Signaling R-HSA-2173788; Synthesis Of IP2, IP, And Ins In Cytosol R-HSA-1855183; Fatty Acid Metabolism R-HSA-8978868; Alpha-oxidation Of Phytanate R-HSA-389599; Synthesis Of Pyrophosphates In Cytosol R-HSA-1855167; Synthesis Of PI R-HSA-1483226; Synthesis Of PIPs At Plasma Membrane R-HSA-1660499; Inositol Phosphate Metabolism R-HSA-1483249; Glycerophospholipid Biosynthesis R-HSA-1483206; TYSND1 Cleaves Peroxisomal Proteins R-HSA-9033500; Wax And Plasmalogen Biosynthesis R-HSA-8848584"
1.2,Citric Acid (TCA) Cycle And Respiratory Electron Transport R-HSA-1428517,38,-1.70232518536349,"Transcriptional Activation Of Mitochondrial Biogenesis R-HSA-2151201; Regulation Of Gene Expression In Early Pancreatic Precursor Cells R-HSA-210747; SUMOylation Of Transcription Cofactors R-HSA-3899300; Mitochondrial Biogenesis R-HSA-1592230; Tyrosine Catabolism R-HSA-8963684; Citric Acid (TCA) Cycle And Respiratory Electron Transport R-HSA-1428517; Citric Acid Cycle (TCA Cycle) R-HSA-71403; Nuclear Receptor Transcription Pathway R-HSA-383280; Complex I Biogenesis R-HSA-6799198; PPARA Activates Gene Expression R-HSA-1989781; Cristae Formation R-HSA-8949613; MECP2 Regulates Transcription Factors R-HSA-9022707; NR1H2 And NR1H3 Regulate Gene Expression To Control Bile Acid Homeostasis R-HSA-9623433; Cytoprotection By HMOX1 R-HSA-9707564; Organelle Biogenesis And Maintenance R-HSA-1852241; RORA Activates Gene Expression R-HSA-1368082; NR1H2 And NR1H3 Regulate Gene Expression Linked To Lipogenesis R-HSA-9029558; Heme Signaling R-HSA-9707616; Pyruvate Metabolism And Citric Acid (TCA) Cycle R-HSA-71406; Pyruvate Metabolism R-HSA-70268; NR1H2 And NR1H3 Regulate Gene Expression Linked To Gluconeogenesis R-HSA-9632974; NR1H2 And NR1H3 Regulate Gene Expression To Limit Cholesterol Uptake R-HSA-9031525; Activation Of Caspases Thru Apoptosome-Mediated Cleavage R-HSA-111459; BBSome-mediated Cargo-Targeting To Cilium R-HSA-5620922; SMAC (DIABLO) Binds To IAPs R-HSA-111463; Regulation Of Lipid Metabolism By PPARalpha R-HSA-400206; Regulation Of Pyruvate Dehydrogenase (PDH) Complex R-HSA-204174; Respiratory Electron Transport R-HSA-611105; Respiratory Electron Transport, ATP Synthesis By Chemiosmotic Coupling, Heat Production By Uncoupling Proteins R-HSA-163200; Activation Of Gene Expression By SREBF (SREBP) R-HSA-2426168; Formation Of ATP By Chemiosmotic Coupling R-HSA-163210; Transcriptional Regulation Of White Adipocyte Differentiation R-HSA-381340; NR1H2 And NR1H3-mediated Signaling R-HSA-9024446; SUMOylation Of Intracellular Receptors R-HSA-4090294; Glyoxylate Metabolism And Glycine Degradation R-HSA-389661; Signaling By Retinoic Acid R-HSA-5362517; TP53 Regulates Metabolic Genes R-HSA-5628897; NR1H2 And NR1H3 Regulate Gene Expression Linked To Triglyceride Lipolysis In Adipose R-HSA-9031528"
1.3,Transmission Across Chemical Synapses R-HSA-112315,37,-1.2201975588740013,"DARPP-32 Events R-HSA-180024; Netrin-1 Signaling R-HSA-373752; Regulation Of MECP2 Expression And Activity R-HSA-9022692; Neurotransmitter Release Cycle R-HSA-112310; Protein-protein Interactions At Synapses R-HSA-6794362; Post NMDA Receptor Activation Events R-HSA-438064; Adenylate Cyclase Activating Pathway R-HSA-170660; Glutamate Binding, Activation Of AMPA Receptors And Synaptic Plasticity R-HSA-399721; Transmission Across Chemical Synapses R-HSA-112315; Dopamine Neurotransmitter Release Cycle R-HSA-212676; PKA-mediated Phosphorylation Of Key Metabolic Factors R-HSA-163358; CaM Pathway R-HSA-111997; CREB1 Phosphorylation Thru NMDA Receptor-Mediated Activation Of RAS Signaling R-HSA-442742; Highly Calcium Permeable Postsynaptic Nicotinic Acetylcholine Receptors R-HSA-629594; Neurotransmitter Receptors And Postsynaptic Signal Transmission R-HSA-112314; Neurotransmitter Clearance R-HSA-112311; DAG And IP3 Signaling R-HSA-1489509; ROBO Receptors Bind AKAP5 R-HSA-9010642; Receptor-type Tyrosine-Protein Phosphatases R-HSA-388844; PLC Beta Mediated Events R-HSA-112043; Activation Of RAC1 Downstream Of NMDARs R-HSA-9619229; Transcriptional Regulation By MECP2 R-HSA-8986944; GABA Synthesis, Release, Reuptake And Degradation R-HSA-888590; Loss Of MECP2 Binding Ability To NCoR/SMRT Complex R-HSA-9022537; PKA-mediated Phosphorylation Of CREB R-HSA-111931; Disorders Of Developmental Biology R-HSA-9675151; Phase 0 - Rapid Depolarisation R-HSA-5576892; PKA Activation R-HSA-163615; CREB1 Phosphorylation Thru Activation Of Adenylate Cyclase R-HSA-442720; Assembly And Cell Surface Presentation Of NMDA Receptors R-HSA-9609736; Highly Calcium Permeable Nicotinic Acetylcholine Receptors R-HSA-629597; Activation Of NMDA Receptors And Postsynaptic Events R-HSA-442755; Norepinephrine Neurotransmitter Release Cycle R-HSA-181430; PKA Activation In Glucagon Signaling R-HSA-164378; Ca-dependent Events R-HSA-111996; Estrogen-stimulated Signaling Thru PRKCZ R-HSA-9634635; RSK Activation R-HSA-444257"
1.4,Endosomal Sorting Complex Required For Transport (ESCRT) R-HSA-917729,29,-1.4438178646534792,"Mitophagy R-HSA-5205647; Translocation Of SLC2A4 (GLUT4) To Plasma Membrane R-HSA-1445148; Attenuation Phase R-HSA-3371568; Glycogen Breakdown (Glycogenolysis) R-HSA-70221; Translation Of Replicase And Assembly Of Replication Transcription Complex R-HSA-9679504; Autophagy R-HSA-9612973; Endosomal Sorting Complex Required For Transport (ESCRT) R-HSA-917729; PINK1-PRKN Mediated Mitophagy R-HSA-5205685; Macroautophagy R-HSA-1632852; MTOR Signaling R-HSA-165159; Energy Dependent Regulation Of mTOR By LKB1-AMPK R-HSA-380972; HSP90 Chaperone Cycle For Steroid Hormone Receptors (SHR) In Presence Of Ligand R-HSA-3371497; Budding And Maturation Of HIV Virion R-HSA-162588; Chaperone Mediated Autophagy R-HSA-9613829; TICAM1,TRAF6-dependent Induction Of TAK1 Complex R-HSA-9014325; Activation Of AMPK Downstream Of NMDARs R-HSA-9619483; Membrane Binding And Targetting Of GAG Proteins R-HSA-174490; Glycogen Synthesis R-HSA-3322077; Receptor Mediated Mitophagy R-HSA-8934903; mTORC1-mediated Signaling R-HSA-166208; Late Endosomal Microautophagy R-HSA-9615710; Selective Autophagy R-HSA-9663891; AMPK Inhibits chREBP Transcriptional Activity R-HSA-163680; Glycogen Metabolism R-HSA-8982491; Activation Of PPARGC1A (PGC-1alpha) By Phosphorylation R-HSA-2151209; Assembly Of HIV Virion R-HSA-175474; Pexophagy R-HSA-9664873; HSF1-dependent Transactivation R-HSA-3371571; Lipophagy R-HSA-9613354"
1.5,Glucuronidation R-HSA-156588,22,-1.4032179222742653,Cytochrome P450 - Arranged By Substrate Type R-HSA-211897; Abacavir ADME R-HSA-2161522; Abacavir Transmembrane Transport R-HSA-2161517; Transport And Synthesis Of PAPS R-HSA-174362; Atorvastatin ADME R-HSA-9754706; Phase II - Conjugation Of Compounds R-HSA-156580; Transport Of Nucleotide Sugars R-HSA-727802; Heme Biosynthesis R-HSA-189451; Aspirin ADME R-HSA-9749641; Paracetamol ADME R-HSA-9753281; Miscellaneous Substrates R-HSA-211958; Biological Oxidations R-HSA-211859; Cytosolic Sulfonation Of Small Molecules R-HSA-156584; RA Biosynthesis Pathway R-HSA-5365859; Multifunctional Anion Exchangers R-HSA-427601; Drug ADME R-HSA-9748784; Ethanol Oxidation R-HSA-71384; Vitamin D (Calciferol) Metabolism R-HSA-196791; Glucuronidation R-HSA-156588; Fatty Acids R-HSA-211935; Metabolic Disorders Of Biological Oxidation Enzymes R-HSA-5579029; Phase I - Functionalization Of Compounds R-HSA-211945
1.6,Cobalamin (Cbl) Metabolism R-HSA-9759218,20,-1.4075563376168634,"Defective HLCS Causes Multiple Carboxylase Deficiency R-HSA-3371599; Regulation Of FZD By Ubiquitination R-HSA-4641263; APC Truncation Mutants Have Impaired AXIN Binding R-HSA-5467337; Transport Of Gamma-Carboxylated Protein Precursors From Endoplasmic Reticulum To Golgi Apparatus R-HSA-159763; CTNNB1 S33 Mutants Not Phosphorylated R-HSA-5358747; Cobalamin (Cbl, Vitamin B12) Transport And Metabolism R-HSA-196741; Gluconeogenesis R-HSA-70263; Gamma-carboxylation Of Protein Precursors R-HSA-159740; Signaling By WNT In Cancer R-HSA-4791275; Defects In Biotin (Btn) Metabolism R-HSA-3323169; RAF Activation R-HSA-5673000; Defects In Vitamin And Cofactor Metabolism R-HSA-3296482; PP2A-mediated Dephosphorylation Of Key Metabolic Factors R-HSA-163767; Disassembly Of Destruction Complex And Recruitment Of AXIN To Membrane R-HSA-4641262; Defects In Cobalamin (B12) Metabolism R-HSA-3296469; Cobalamin (Cbl) Metabolism R-HSA-9759218; Beta-catenin Phosphorylation Cascade R-HSA-196299; Signaling By RNF43 Mutants R-HSA-5340588; Regulation Of Glycolysis By Fructose 2,6-Bisphosphate Metabolism R-HSA-9634600; Biotin Transport And Metabolism R-HSA-196780"
1.7,Ubiquinol Biosynthesis R-HSA-2142789,18,-1.3027425031524957,"Protein Methylation R-HSA-8876725; Reduction Of Cytosolic Ca++ Levels R-HSA-418359; Ubiquinol Biosynthesis R-HSA-2142789; Inactivation, Recovery And Regulation Of Phototransduction Cascade R-HSA-2514859; eNOS Activation R-HSA-203615; Sensory Processing Of Sound R-HSA-9659379; Ion Homeostasis R-HSA-5578775; Sensory Processing Of Sound By Inner Hair Cells Of Cochlea R-HSA-9662360; Phototransduction Cascade R-HSA-2514856; Metabolism Of Cofactors R-HSA-8978934; RAS Processing R-HSA-9648002; Ion Channel Transport R-HSA-983712; TRP Channels R-HSA-3295583; Ion Transport By P-type ATPases R-HSA-936837; Metabolism Of Nitric Oxide: NOS3 Activation And Regulation R-HSA-202131; Sodium/Calcium Exchangers R-HSA-425561; Stimuli-sensing Channels R-HSA-2672351; Platelet Calcium Homeostasis R-HSA-418360"
1.8,Degradation Of Cysteine And Homocysteine R-HSA-1614558,16,-1.4859015247907295,"FOXO-mediated Transcription Of Cell Death Genes R-HSA-9614657; FOXO-mediated Transcription Of Oxidative Stress, Metabolic And Neuronal Genes R-HSA-9615017; Regulation Of FOXO Transcriptional Activity By Acetylation R-HSA-9617629; Degradation Of Cysteine And Homocysteine R-HSA-1614558; Creatine Metabolism R-HSA-71288; Sulfide Oxidation To Sulfate R-HSA-1614517; Choline Catabolism R-HSA-6798163; Branched-chain Amino Acid Catabolism R-HSA-70895; Glutamate And Glutamine Metabolism R-HSA-8964539; FOXO-mediated Transcription R-HSA-9614085; Protein Repair R-HSA-5676934; Methionine Salvage Pathway R-HSA-1237112; Metabolism Of Amino Acids And Derivatives R-HSA-71291; Lysine Catabolism R-HSA-71064; Sulfur Amino Acid Metabolism R-HSA-1614635; Aspartate And Asparagine Metabolism R-HSA-8963693"
1.9,Regulation Of Beta-Cell Development R-HSA-186712,9,-1.4212272270704507,Signaling By NOTCH2 R-HSA-1980145; NOTCH4 Intracellular Domain Regulates Transcription R-HSA-9013695; Constitutive Signaling By NOTCH1 HD+PEST Domain Mutants R-HSA-2894862; NOTCH2 Intracellular Domain Regulates Transcription R-HSA-2197563; Regulation Of Gene Expression In Beta Cells R-HSA-210745; Regulation Of Beta-Cell Development R-HSA-186712; Regulation Of Gene Expression In Late Stage (Branching Morphogenesis) Pancreatic Bud Precursor Cells R-HSA-210744; RUNX3 Regulates NOTCH Signaling R-HSA-8941856; NOTCH3 Intracellular Domain Regulates Transcription R-HSA-9013508
1.10,Zinc Transporters R-HSA-435354,5,-1.3331740146739457,"Metal Ion SLC Transporters R-HSA-425410; Transport Of Bile Salts And Organic Acids, Metal Ions And Amine Compounds R-HSA-425366; Zinc Transporters R-HSA-435354; Sodium-coupled Sulphate, Di- And Tri-Carboxylate Transporters R-HSA-433137; Zinc Influx Into Cells By SLC39 Gene Family R-HSA-442380"
1.11,NRAGE Signals Death Thru JNK R-HSA-193648,3,-1.13085847937524,"Cell Death Signaling Via NRAGE, NRIF And NADE R-HSA-204998; P75 NTR Receptor-Mediated Signaling R-HSA-193704; NRAGE Signals Death Thru JNK R-HSA-193648"
1.12,VLDL Clearance R-HSA-8964046,3,-1.0280825962323001,Plasma Lipoprotein Clearance R-HSA-8964043; VLDL Clearance R-HSA-8964046; VLDLR Internalisation And Degradation R-HSA-8866427
2.1,Interleukin-10 Signaling R-HSA-6783783,52,1.7128238332884733,"Interleukin-2 Family Signaling R-HSA-451927; Interleukin-2 Signaling R-HSA-9020558; Interleukin-20 Family Signaling R-HSA-8854691; Interleukin-21 Signaling R-HSA-9020958; Interleukin-23 Signaling R-HSA-9020933; Interleukin-27 Signaling R-HSA-9020956; Interleukin-3, Interleukin-5 And GM-CSF Signaling R-HSA-512988; Interleukin-35 Signaling R-HSA-8984722; Interleukin-4 And Interleukin-13 Signaling R-HSA-6785807; Interleukin-6 Family Signaling R-HSA-6783589; Interleukin-6 Signaling R-HSA-1059683; Interleukin-9 Signaling R-HSA-8985947; Signaling By Erythropoietin R-HSA-9006335; MAPK1 (ERK2) Activation R-HSA-112411; Synthesis Of 15-Eicosatetraenoic Acid Derivatives R-HSA-2142770; Erythropoietin Activates STAT5 R-HSA-9027283; Nuclear Events Stimulated By ALK Signaling In Cancer R-HSA-9725371; Interleukin-37 Signaling R-HSA-9008059; Defective CSF2RA Causes SMDP4 R-HSA-5688890; IL-6-type Cytokine Receptor Ligand Interactions R-HSA-6788467; Surfactant Metabolism R-HSA-5683826; Cytokine Signaling In Immune System R-HSA-1280215; Erythropoietin Activates Phosphoinositide-3-kinase (PI3K) R-HSA-9027276; MAPK3 (ERK1) Activation R-HSA-110056; Erythropoietin Activates Phospholipase C Gamma (PLCG) R-HSA-9027277; Diseases Associated With Surfactant Metabolism R-HSA-5687613; RAF-independent MAPK1/3 Activation R-HSA-112409; Interleukin-7 Signaling R-HSA-1266695; Erythropoietin Activates RAS R-HSA-9027284; Signaling By PDGFRA Extracellular Domain Mutants R-HSA-9673770; Interleukin-18 Signaling R-HSA-9012546; Regulation Of IFNG Signaling R-HSA-877312; Other Interleukin Signaling R-HSA-449836; STAT5 Activation R-HSA-9645135; Signaling By Cytosolic FGFR1 Fusion Mutants R-HSA-1839117; Gene And Protein Expression By JAK-STAT Signaling After Interleukin-12 Stimulation R-HSA-8950505; Signaling By CSF3 (G-CSF) R-HSA-9674555; Signaling By Interleukins R-HSA-449147; STAT5 Activation Downstream Of FLT3 ITD Mutants R-HSA-9702518; Growth Hormone Receptor Signaling R-HSA-982772; Signaling By Leptin R-HSA-2586552; Signaling By PDGF R-HSA-186797; Signaling By KIT In Disease R-HSA-9669938; Signaling By SCF-KIT R-HSA-1433557; Inactivation Of CSF3 (G-CSF) Signaling R-HSA-9705462; TNF Receptor Superfamily (TNFSF) Members Mediating Non-Canonical NF-kB Pathway R-HSA-5676594; Interleukin Receptor SHC Signaling R-HSA-912526; TNFs Bind Their Physiological Receptors R-HSA-5669034; Interleukin-10 Signaling R-HSA-6783783; Interleukin-12 Family Signaling R-HSA-447115; Interleukin-12 Signaling R-HSA-9020591; Interleukin-15 Signaling R-HSA-8983432"
2.2,Interferon Alpha/Beta Signaling R-HSA-909733,34,1.6784451564532372,"Infectious Disease R-HSA-5663205; Adaptive Immune System R-HSA-1280218; Translocation Of ZAP-70 To Immunological Synapse R-HSA-202430; APOBEC3G Mediated Resistance To HIV-1 R-HSA-180689; Antigen Presentation: Folding, Assembly, Peptide Loading Of Class I MHC R-HSA-983170; Modulation By Mtb Of Host Immune System R-HSA-9637628; Nef-mediated Downmodulation Of Cell Surface Receptors By Recruitment To Clathrin Adapters R-HSA-164938; Trafficking And Processing Of Endosomal TLR R-HSA-1679131; Early Phase Of HIV Life Cycle R-HSA-162594; MHC Class II Antigen Presentation R-HSA-2132295; Butyrophilin (BTN) Family Interactions R-HSA-8851680; 2-LTR Circle Formation R-HSA-164843; Nef Mediated Downregulation Of MHC Class I Complex Cell Surface Expression R-HSA-164940; PD-1 Signaling R-HSA-389948; Phosphorylation Of CD3 And TCR Zeta Chains R-HSA-202427; RHOH GTPase Cycle R-HSA-9013407; Potential Therapeutics For SARS R-HSA-9679191; Suppression Of Apoptosis R-HSA-9635465; DAP12 Signaling R-HSA-2424491; Endosomal/Vacuolar Pathway R-HSA-1236977; Regulation Of IFNA/IFNB Signaling R-HSA-912694; Attachment And Entry R-HSA-9678110; OAS Antiviral Response R-HSA-8983711; Role Of Nef In HIV-1 Replication And Disease Pathogenesis R-HSA-164952; SARS-CoV-2 Activates/Modulates Innate And Adaptive Immune Responses R-HSA-9705671; Response Of Mtb To Phagocytosis R-HSA-9637690; Infection With Mycobacterium Tuberculosis R-HSA-9635486; Generation Of Second Messenger Molecules R-HSA-202433; DAP12 Interactions R-HSA-2172127; SARS-CoV Infections R-HSA-9679506; Immunoregulatory Interactions Between A Lymphoid And A non-Lymphoid Cell R-HSA-198933; Interferon Alpha/Beta Signaling R-HSA-909733; Interferon Gamma Signaling R-HSA-877300; Interferon Signaling R-HSA-913531"
2.3,Costimulation By CD28 Family R-HSA-388841,30,1.4668748083584382,"PI5P, PP2A And IER3 Regulate PI3K/AKT Signaling R-HSA-6811558; Antigen Activates B Cell Receptor Leading To Second Messenger Generation R-HSA-983695; Regulation Of Signaling By CBL R-HSA-912631; PI3K/AKT Signaling In Cancer R-HSA-2219528; CTLA4 Inhibitory Signaling R-HSA-389513; FCERI Mediated Ca+2 Mobilization R-HSA-2871809; FCGR Activation R-HSA-2029481; FCGR3A-mediated Phagocytosis R-HSA-9664422; CD22 Mediated BCR Regulation R-HSA-5690714; CD28 Co-Stimulation R-HSA-389356; Role Of LAT2/NTAL/LAB On Calcium Mobilization R-HSA-2730905; Fcgamma Receptor (FCGR) Dependent Phagocytosis R-HSA-2029480; RHO GTPases Activate WASPs And WAVEs R-HSA-5663213; FLT3 Signaling Thru SRC Family Kinases R-HSA-9706374; Regulation Of KIT Signaling R-HSA-1433559; CD28 Dependent Vav1 Pathway R-HSA-389359; Nef And Signal Transduction R-HSA-164944; EGFR Transactivation By Gastrin R-HSA-2179392; GPVI-mediated Activation Cascade R-HSA-114604; Constitutive Signaling By Aberrant PI3K In Cancer R-HSA-2219530; Negative Regulation Of PI3K/AKT Network R-HSA-199418; EPHB-mediated Forward Signaling R-HSA-3928662; Interleukin-36 Pathway R-HSA-9014826; Diseases Of Signal Transduction By Growth Factor Receptors And Second Messengers R-HSA-5663202; PECAM1 Interactions R-HSA-210990; Costimulation By CD28 Family R-HSA-388841; CD209 (DC-SIGN) Signaling R-HSA-5621575; FCGR3A-mediated IL10 Synthesis R-HSA-9664323; Dectin-2 Family R-HSA-5621480; CD28 Dependent PI3K/Akt Signaling R-HSA-389357"
2.4,Cell Surface Interactions At Vascular Wall R-HSA-202733,30,1.414542625778693,"Terminal Pathway Of Complement R-HSA-166665; Nitric Oxide Stimulates Guanylate Cyclase R-HSA-392154; Platelet Aggregation (Plug Formation) R-HSA-76009; GP1b-IX-V Activation Signaling R-HSA-430116; Loss Of Function Of TGFBR1 In Cancer R-HSA-3656534; SMAD2/3 Phosphorylation Motif Mutants In Cancer R-HSA-3304356; Extrinsic Pathway Of Fibrin Clot Formation R-HSA-140834; Dissolution Of Fibrin Clot R-HSA-75205; MAPK Family Signaling Cascades R-HSA-5683057; Insulin-like Growth Factor-2 mRNA Binding Proteins (IGF2BPs/IMPs/VICKZs) Bind RNA R-HSA-428359; Defective Factor IX Causes Hemophilia B R-HSA-9668250; Defective Factor VIII Causes Hemophilia A R-HSA-9662001; Signaling By BRAF And RAF1 Fusions R-HSA-6802952; Response To Elevated Platelet Cytosolic Ca2+ R-HSA-76005; p130Cas Linkage To MAPK Signaling For Integrins R-HSA-372708; Cell Surface Interactions At Vascular Wall R-HSA-202733; Common Pathway Of Fibrin Clot Formation R-HSA-140875; Basigin Interactions R-HSA-210991; Oncogenic MAPK Signaling R-HSA-6802957; Platelet Degranulation R-HSA-114608; Hemostasis R-HSA-109582; GRB2:SOS Provides Linkage To MAPK Signaling For Integrins R-HSA-354194; Na+/Cl- Dependent Neurotransmitter Transporters R-HSA-442660; Smooth Muscle Contraction R-HSA-445355; Integrin Signaling R-HSA-354192; Formation Of Fibrin Clot (Clotting Cascade) R-HSA-140877; Amino Acid Transport Across Plasma Membrane R-HSA-352230; Platelet Activation, Signaling And Aggregation R-HSA-76002; Platelet Adhesion To Exposed Collagen R-HSA-75892; Defects Of Contact Activation System (CAS) And Kallikrein/Kinin System (KKS) R-HSA-9651496"
2.5,Detoxification Of Reactive Oxygen Species R-HSA-3299685,21,1.4129426663218336,VEGFA-VEGFR2 Pathway R-HSA-4420097; Detoxification Of Reactive Oxygen Species R-HSA-3299685; RHO GTPases Activate NADPH Oxidases R-HSA-5668599; PTK6 Expression R-HSA-8849473; VEGF Binds To VEGFR Leading To Receptor Dimerization R-HSA-195399; ROS And RNS Production In Phagocytes R-HSA-1222556; Nuclear Signaling By ERBB4 R-HSA-1251985; RAC1 GTPase Cycle R-HSA-9013149; Signaling By Membrane-Tethered Fusions Of PDGFRA Or PDGFRB R-HSA-9673768; NOTCH4 Activation And Transmission Of Signal To Nucleus R-HSA-9013700; Noncanonical Activation Of NOTCH3 R-HSA-9017802; STAT3 Nuclear Events Downstream Of ALK Signaling R-HSA-9701898; FLT3 Signaling By CBL Mutants R-HSA-9706377; Signaling By ALK R-HSA-201556; PTK6 Promotes HIF1A Stabilization R-HSA-8857538; Signaling By Receptor Tyrosine Kinases R-HSA-9006934; Signaling By VEGF R-HSA-194138; Regulated Proteolysis Of p75NTR R-HSA-193692; Cross-presentation Of Particulate Exogenous Antigens (Phagosomes) R-HSA-1236973; IRS Activation R-HSA-74713; RAC3 GTPase Cycle R-HSA-9013423
2.6,Unfolded Protein Response (UPR) R-HSA-381119,9,1.6662952730753544,Unfolded Protein Response (UPR) R-HSA-381119; PERK Regulates Gene Expression R-HSA-381042; XBP1(S) Activates Chaperone Genes R-HSA-381038; ATF6 (ATF6-alpha) Activates Chaperones R-HSA-381033; Scavenging By Class F Receptors R-HSA-3000484; IRE1alpha Activates Chaperones R-HSA-381070; Response Of EIF2AK1 (HRI) To Heme Deficiency R-HSA-9648895; ATF6 (ATF6-alpha) Activates Chaperone Genes R-HSA-381183; ATF4 Activates Genes In Response To Endoplasmic Reticulum Stress R-HSA-380994
2.7,CRMPs In Sema3A Signaling R-HSA-399956,4,1.1916099206505417,CRMPs In Sema3A Signaling R-HSA-399956; Sema3A PAK Dependent Axon Repulsion R-HSA-399954; Semaphorin Interactions R-HSA-373755; SEMA3A-Plexin Repulsion Signaling By Inhibiting Integrin Adhesion R-HSA-399955
3.1,Antigen processing-Cross Presentation R-HSA-1236975,81,1.642943457154044,Transcriptional Regulation By RUNX1 R-HSA-8878171; Ubiquitin-dependent Degradation Of Cyclin D R-HSA-75815; Antigen processing-Cross Presentation R-HSA-1236975; Class I MHC Mediated Antigen Processing And Presentation R-HSA-983169; C-type Lectin Receptors (CLRs) R-HSA-5621481; Beta-catenin Independent WNT Signaling R-HSA-3858494; Stabilization Of P53 R-HSA-69541; Signaling By NOTCH4 R-HSA-9013694; Nuclear Events Mediated By NFE2L2 R-HSA-9759194; ABC-family Proteins Mediated Transport R-HSA-382556; Defective CFTR Causes Cystic Fibrosis R-HSA-5678895; Degradation Of DVL R-HSA-4641258; Disorders Of Transmembrane Transporters R-HSA-5619115; Transcriptional Regulation By RUNX3 R-HSA-8878159; Downstream TCR Signaling R-HSA-202424; ER-Phagosome Pathway R-HSA-1236974; Neurofascin Interactions R-HSA-447043; FCERI Mediated NF-kB Activation R-HSA-2871837; Hedgehog Ligand Biogenesis R-HSA-5358346; Activation Of SMO R-HSA-5635838; Hh Mutants Abrogate Ligand Secretion R-HSA-5387390; NrCAM Interactions R-HSA-447038; Degradation Of Beta-Catenin By Destruction Complex R-HSA-195253; UCH Proteinases R-HSA-5689603; Regulation Of RAS By GAPs R-HSA-5658442; CLEC7A (Dectin-1) Signaling R-HSA-5607764; Degradation Of GLI2 By Proteasome R-HSA-5610783; Downstream Signaling Events Of B Cell Receptor (BCR) R-HSA-1168372; ABC Transporter Disorders R-HSA-5619084; GLI3 Is Processed To GLI3R By Proteasome R-HSA-5610785; Fc Epsilon Receptor (FCERI) Signaling R-HSA-2454202; TCF Dependent Signaling In Response To WNT R-HSA-201681; Interleukin-1 Signaling R-HSA-9020702; Transport Of Organic Anions R-HSA-879518; Hh Mutants Are Degraded By ERAD R-HSA-5362768; Activation Of NF-kappaB In B Cells R-HSA-1169091; MAPK1/MAPK3 Signaling R-HSA-5684996; MAPK6/MAPK4 Signaling R-HSA-5687128; Regulation Of RUNX3 Expression And Activity R-HSA-8941858; Autodegradation Of E3 Ubiquitin Ligase COP1 R-HSA-349425; Cellular Hexose Transport R-HSA-189200; Degradation Of GLI1 By Proteasome R-HSA-5610780; Oxygen-dependent Proline Hydroxylation Of Hypoxia-inducible Factor Alpha R-HSA-1234176; Dectin-1 Mediated Noncanonical NF-kB Signaling R-HSA-5607761; Regulation Of Apoptosis R-HSA-169911; FBXL7 Down-Regulates AURKA During Mitotic Entry And In Early Mitosis R-HSA-8854050; Regulation Of Activated PAK-2p34 By Proteasome Mediated Degradation R-HSA-211733; Degradation Of AXIN R-HSA-4641257; AUF1 (hnRNP D0) Binds And Destabilizes mRNA R-HSA-450408; Axon Guidance R-HSA-422475; Vpu Mediated Degradation Of CD4 R-HSA-180534; Ub-specific Processing Proteases R-HSA-5689880; Cellular Response To Hypoxia R-HSA-1234174; Programmed Cell Death R-HSA-5357801; Cross-presentation Of Soluble Exogenous Antigens (Endosomes) R-HSA-1236978; Regulation Of Ornithine Decarboxylase (ODC) R-HSA-350562; Negative Regulation Of NOTCH4 Signaling R-HSA-9604323; Cellular Response To Chemical Stress R-HSA-9711123; Signaling By Hedgehog R-HSA-5358351; RAF/MAP Kinase Cascade R-HSA-5673001; Hedgehog Off State R-HSA-5610787; Nervous System Development R-HSA-9675108; PTEN Regulation R-HSA-6807070; RUNX1 Regulates Transcription Of Genes Involved In Differentiation Of HSCs R-HSA-8939236; Hedgehog On State R-HSA-5632684; Transcriptional Regulation By RUNX2 R-HSA-8878166; Regulation Of RUNX2 Expression And Activity R-HSA-8939902; KEAP1-NFE2L2 Pathway R-HSA-9755511; Apoptosis R-HSA-109581; Regulation Of PTEN Stability And Activity R-HSA-8948751; Signaling By B Cell Receptor (BCR) R-HSA-983705; Metabolism Of Polyamines R-HSA-351202; PCP/CE Pathway R-HSA-4086400; NIK To Noncanonical NF-kB Signaling R-HSA-5676590; Host Interactions Of HIV Factors R-HSA-162909; Signaling By NOTCH R-HSA-157118; Regulation Of mRNA Stability By Proteins That Bind AU-rich Elements R-HSA-450531; Vif-mediated Degradation Of APOBEC3G R-HSA-180585; Asymmetric Localization Of PCP Proteins R-HSA-4608870; TCR Signaling R-HSA-202403; TNFR2 Non-Canonical NF-kB Pathway R-HSA-5668541
3.2,p53-Dependent G1 DNA Damage Response R-HSA-69563,31,1.5663568163802055,Assembly Of Pre-Replicative Complex R-HSA-68867; p53-Dependent G1 DNA Damage Response R-HSA-69563; Cdc20:Phospho-APC/C Mediated Degradation Of Cyclin A R-HSA-174184; Cyclin A:Cdk2-associated Events At S Phase Entry R-HSA-69656; G1/S Transition R-HSA-69206; SCF-beta-TrCP Mediated Degradation Of Emi1 R-HSA-174113; CDK-mediated Phosphorylation And Removal Of Cdc6 R-HSA-69017; GSK3B And BTRC:CUL1-mediated-degradation Of NFE2L2 R-HSA-9762114; Separation Of Sister Chromatids R-HSA-2467813; TP53 Regulates Transcription Of Genes Involved In G1 Cell Cycle Arrest R-HSA-6804116; APC/C:Cdh1 Mediated Degradation Of Cdc20 And APC/C:Cdh1 Targets In Late Mitosis/Early G1 R-HSA-174178; APC:Cdc20 Mediated Degradation Of Cell Cycle Proteins Before Cycle Checkpoint Satisfied R-HSA-179419; Orc1 Removal From Chromatin R-HSA-68949; DNA Replication Pre-Initiation R-HSA-69002; Regulation Of TP53 Activity Thru Association With Co-factors R-HSA-6804759; G2/M Checkpoints R-HSA-69481; Autodegradation Of Cdh1 By Cdh1:APC/C R-HSA-174084; Activation Of APC/C And APC/C:Cdc20 Mediated Degradation Of Mitotic Proteins R-HSA-176814; APC/C:Cdc20 Mediated Degradation Of Securin R-HSA-174154; Mitotic G1 Phase And G1/S Transition R-HSA-453279; Switching Of Origins To A Post-Replicative State R-HSA-69052; SCF(Skp2)-mediated Degradation Of P27/P21 R-HSA-187577; Ubiquitin Mediated Degradation Of Phosphorylated Cdc25A R-HSA-69601; Cyclin E Associated Events During G1/S Transition R-HSA-69202; Cell Cycle Checkpoints R-HSA-69620; APC/C-mediated Degradation Of Cell Cycle Proteins R-HSA-174143; Regulation Of APC/C Activators Between G1/S And Early Anaphase R-HSA-176408; APC/C:Cdc20 Mediated Degradation Of Mitotic Proteins R-HSA-176409; Synthesis Of DNA R-HSA-69239; G1/S DNA Damage Checkpoints R-HSA-69615; DNA Replication R-HSA-69306
3.3,Phosphorylation Of Emi1 R-HSA-176417,18,1.2738051945989222,"Initiation Of Nuclear Envelope (NE) Reformation R-HSA-2995383; Mitotic Metaphase And Anaphase R-HSA-2555396; Mitotic Anaphase R-HSA-68882; Phosphorylation Of Emi1 R-HSA-176417; M Phase R-HSA-68886; Regulation Of PLK1 Activity At G2/M Transition R-HSA-2565942; Mitotic G2-G2/M Phases R-HSA-453274; G2/M Transition R-HSA-69275; Post-chaperonin Tubulin Folding Pathway R-HSA-389977; Activation Of NIMA Kinases NEK9, NEK6, NEK7 R-HSA-2980767; Cell Cycle, Mitotic R-HSA-69278; Carboxyterminal Post-Translational Modifications Of Tubulin R-HSA-8955332; Glycolysis R-HSA-70171; AURKA Activation By TPX2 R-HSA-8854518; Depolymerisation Of Nuclear Lamina R-HSA-4419969; Anchoring Of Basal Body To Plasma Membrane R-HSA-5620912; Role Of GTSE1 In G2/M Progression After G2 Checkpoint R-HSA-8852276; Loss Of Nlp From Mitotic Centrosomes R-HSA-380259"
4.1,Collagen Formation R-HSA-1474290,32,1.87366431026719,Type I Hemidesmosome Assembly R-HSA-446107; Activation Of Matrix Metalloproteinases R-HSA-1592389; Laminin Interactions R-HSA-3000157; Assembly Of Collagen Fibrils And Other Multimeric Structures R-HSA-2022090; MET Activates PTK2 Signaling R-HSA-8874081; NCAM1 Interactions R-HSA-419037; Binding And Uptake Of Ligands By Scavenger Receptors R-HSA-2173782; Cell Junction Organization R-HSA-446728; Cell-Cell Communication R-HSA-1500931; Cell-extracellular Matrix Interactions R-HSA-446353; Molecules Associated With Elastic Fibres R-HSA-2129379; Non-integrin membrane-ECM Interactions R-HSA-3000171; Collagen Biosynthesis And Modifying Enzymes R-HSA-1650814; Collagen Chain Trimerization R-HSA-8948216; Collagen Degradation R-HSA-1442490; Collagen Formation R-HSA-1474290; MET Interacts With TNS Proteins R-HSA-8875513; Crosslinking Of Collagen Fibrils R-HSA-2243919; Regulation Of Cytoskeletal Remodeling And Cell Spreading By IPP Complex Components R-HSA-446388; Fibronectin Matrix Formation R-HSA-1566977; Signal Transduction By L1 R-HSA-445144; Degradation Of Extracellular Matrix R-HSA-1474228; Anchoring Fibril Formation R-HSA-2214320; CHL1 Interactions R-HSA-447041; Elastic Fibre Formation R-HSA-1566948; Extracellular Matrix Organization R-HSA-1474244; Scavenging Of Heme From Plasma R-HSA-2168880; Scavenging By Class A Receptors R-HSA-3000480; Signal Regulatory Protein Family Interactions R-HSA-391160; NCAM Signaling For Neurite Out-Growth R-HSA-375165; Syndecan Interactions R-HSA-3000170; Integrin Cell Surface Interactions R-HSA-216083
4.2,Chondroitin Sulfate Biosynthesis R-HSA-2022870,23,1.5229654413272014,"Defective B4GALT7 Causes EDS, Progeroid Type R-HSA-3560783; Defective CHST3 Causes SEDCJD R-HSA-3595172; Defective CHSY1 Causes TPBS R-HSA-3595177; Dermatan Sulfate Biosynthesis R-HSA-2022923; GAG Synthesis Requires Tetrasaccharide Linker Sequence R-HSA-1971475; Metabolism Of Fat-Soluble Vitamins R-HSA-6806667; Defective EXT1 Causes Exostoses 1, TRPS2 And CHDS R-HSA-3656253; Diseases Associated With Glycosaminoglycan Metabolism R-HSA-3560782; Hyaluronan Metabolism R-HSA-2142845; HS-GAG Degradation R-HSA-2024096; Early SARS-CoV-2 Infection Events R-HSA-9772572; Diseases Of Glycosylation R-HSA-3781865; CS/DS Degradation R-HSA-2024101; HS-GAG Biosynthesis R-HSA-2022928; Heparan Sulfate/Heparin (HS-GAG) Metabolism R-HSA-1638091; Chondroitin Sulfate Biosynthesis R-HSA-2022870; Hyaluronan Uptake And Degradation R-HSA-2160916; Glycosaminoglycan Metabolism R-HSA-1630316; Chondroitin Sulfate/Dermatan Sulfate Metabolism R-HSA-1793185; Defective CHST14 Causes EDS, Musculocontractural Type R-HSA-3595174; Retinoid Metabolism And Transport R-HSA-975634; Defective B3GALT6 Causes EDSP2 And SEMDJL1 R-HSA-4420332; Defective B3GAT3 Causes JDSSDHD R-HSA-3560801"
4.3,Termination Of O-glycan Biosynthesis R-HSA-977068,15,1.409575410070281,Defective B3GALTL Causes PpS R-HSA-5083635; Translation Of Structural Proteins R-HSA-9683701; Defective C1GALT1C1 Causes TNPS R-HSA-5083632; Defective GALNT3 Causes HFTC R-HSA-5083625; Nicotinamide Salvaging R-HSA-197264; Maturation Of Protein 3A R-HSA-9683673; Late SARS-CoV-2 Infection Events R-HSA-9772573; SARS-CoV-1 Infection R-HSA-9678108; O-linked Glycosylation Of Mucins R-HSA-913709; O-linked Glycosylation R-HSA-5173105; Maturation Of Nucleoprotein R-HSA-9683610; Nicotinate Metabolism R-HSA-196807; SARS-CoV-2 Infection R-HSA-9694516; Termination Of O-glycan Biosynthesis R-HSA-977068; O-glycosylation Of TSR Domain-Containing Proteins R-HSA-5173214
4.4,Cargo Concentration In ER R-HSA-5694530,13,1.3697339541186742,Synthesis Of Substrates In N-glycan Biosythesis R-HSA-446219; Biosynthesis Of N-glycan Precursor (Dolichol LLO) And Transfer To Protein R-HSA-446193; GDP-fucose Biosynthesis R-HSA-6787639; Asparagine N-linked Glycosylation R-HSA-446203; Synthesis Of Dolichyl-phosphate R-HSA-446199; Transport To Golgi And Subsequent Modification R-HSA-948021; COPI-mediated Anterograde Transport R-HSA-6807878; ER To Golgi Anterograde Transport R-HSA-199977; Golgi-to-ER Retrograde Transport R-HSA-8856688; COPI-dependent Golgi-to-ER Retrograde Traffic R-HSA-6811434; Synthesis Of UDP-N-acetyl-glucosamine R-HSA-446210; COPII-mediated Vesicle Transport R-HSA-204005; Cargo Concentration In ER R-HSA-5694530
4.5,ECM Proteoglycans R-HSA-3000178,7,1.1407506949620811,Defective CHST6 Causes MCDC1 R-HSA-3656225; Defective ST3GAL3 Causes MCT12 And EIEE15 R-HSA-3656243; Defective B4GALT1 Causes B4GALT1-CDG (CDG-2d) R-HSA-3656244; Keratan Sulfate/Keratin Metabolism R-HSA-1638074; Keratan Sulfate Biosynthesis R-HSA-2022854; Keratan Sulfate Degradation R-HSA-2022857; ECM Proteoglycans R-HSA-3000178
4.6,HDL Remodeling R-HSA-8964058,6,1.3036781594558664,Chylomicron Assembly R-HSA-8963888; Chylomicron Remodeling R-HSA-8963901; HDL Remodeling R-HSA-8964058; Plasma Lipoprotein Assembly R-HSA-8963898; LDL Remodeling R-HSA-8964041; Plasma Lipoprotein Remodeling R-HSA-8963899
5.1,Interleukin-1 Family Signaling R-HSA-446652,22,1.534598873144188,"Pyroptosis R-HSA-5620971; p75NTR Signals Via NF-kB R-HSA-193639; ZBP1(DAI) Mediated Induction Of Type I IFNs R-HSA-1606322; Inflammasomes R-HSA-622312; CLEC7A/inflammasome Pathway R-HSA-5660668; TP53 Regulates Transcription Of Caspase Activators And Caspases R-HSA-6803207; Interleukin-1 Processing R-HSA-448706; MyD88-independent TLR4 Cascade R-HSA-166166; NOD1/2 Signaling Pathway R-HSA-168638; DEx/H-box Helicases Activate Type I IFN And Inflammatory Cytokines Production R-HSA-3134963; Nucleotide-binding Domain, Leucine Rich Repeat Containing NLR Signaling Pathways R-HSA-168643; DDX58/IFIH1-mediated Induction Of Interferon-Alpha/Beta R-HSA-168928; SUMOylation Of Immune Response Proteins R-HSA-4755510; RIP-mediated NFkB Activation Via ZBP1 R-HSA-1810476; TRAF6 Mediated NF-kB Activation R-HSA-933542; TAK1-dependent IKK And NF-kappa-B Activation R-HSA-445989; Advanced Glycosylation Endproduct Receptor Signaling R-HSA-879415; IkBA Variant Leads To EDA-ID R-HSA-5603029; Cell Recruitment (Pro-Inflammatory Response) R-HSA-9664424; Interleukin-1 Family Signaling R-HSA-446652; NLRP3 Inflammasome R-HSA-844456; Toll Like Receptor 3 (TLR3) Cascade R-HSA-168164"
5.2,Neutrophil Degranulation R-HSA-6798695,21,1.592334302228319,Toll-like Receptor Cascades R-HSA-168898; Defensins R-HSA-1461973; Toll Like Receptor 4 (TLR4) Cascade R-HSA-166016; Transport Of RCbl Within Body R-HSA-9758890; Acyl Chain Remodelling Of PC R-HSA-1482788; Beta Defensins R-HSA-1461957; Diseases Associated With TLR Signaling Cascade R-HSA-5602358; Antimicrobial Peptides R-HSA-6803157; Activation Of IRF3/IRF7 Mediated By TBK1/IKK Epsilon R-HSA-936964; Regulation Of TLR By Endogenous Ligand R-HSA-5686938; Metal Sequestration By Antimicrobial Proteins R-HSA-6799990; MyD88 Deficiency (TLR2/4) R-HSA-5602498; TICAM1-dependent Activation Of IRF3/IRF7 R-HSA-9013973; MyD88:MAL(TIRAP) Cascade Initiated On Plasma Membrane R-HSA-166058; Alpha-defensins R-HSA-1462054; Neutrophil Degranulation R-HSA-6798695; IRAK4 Deficiency (TLR2/4) R-HSA-5603041; Acyl Chain Remodelling Of PG R-HSA-1482925; Hydrolysis Of LPC R-HSA-1483115; TRIF-mediated Programmed Cell Death R-HSA-2562578; Synthesis Of Leukotrienes (LT) And Eoxins (EX) R-HSA-2142691
5.3,Toll Like Receptor 7/8 (TLR7/8) Cascade R-HSA-168181,21,1.3002901831396825,Toll Like Receptor 7/8 (TLR7/8) Cascade R-HSA-168181; CREB Phosphorylation R-HSA-199920; Toll Like Receptor 9 (TLR9) Cascade R-HSA-168138; TRAF6 Mediated IRF7 Activation In TLR7/8 Or 9 Signaling R-HSA-975110; Interleukin-17 Signaling R-HSA-448424; Signaling By NTRK1 (TRKA) R-HSA-187037; MAPK Targets/ Nuclear Events Mediated By MAP Kinases R-HSA-450282; Activated TAK1 Mediates P38 MAPK Activation R-HSA-450302; Gastrin-CREB Signaling Pathway Via PKC And MAPK R-HSA-881907; Signaling By NTRKs R-HSA-166520; MAP Kinase Activation R-HSA-450294; Senescence-Associated Secretory Phenotype (SASP) R-HSA-2559582; MyD88 Cascade Initiated On Plasma Membrane R-HSA-975871; MyD88 Dependent Cascade Initiated On Endosome R-HSA-975155; Nuclear Events (Kinase And Transcription Factor Activation) R-HSA-198725; NGF-stimulated Transcription R-HSA-9031628; ERKs Are Inactivated R-HSA-202670; Signaling By MAPK Mutants R-HSA-9652817; ERK/MAPK Targets R-HSA-198753; Signaling To RAS R-HSA-167044; TRAF6 Mediated Induction Of NFkB And MAP Kinases Upon TLR7/8 Or 9 Activation R-HSA-975138
5.4,Regulated Necrosis R-HSA-5218859,17,1.4867360516826638,CASP8 Activity Is Inhibited R-HSA-5218900; Dimerization Of Procaspase-8 R-HSA-69416; FasL/ CD95L Signaling R-HSA-75157; RIPK1-mediated Regulated Necrosis R-HSA-5213460; TNFR1-induced Proapoptotic Signaling R-HSA-5357786; Microbial Modulation Of RIPK1-mediated Regulated Necrosis R-HSA-9686347; Regulated Necrosis R-HSA-5218859; Regulation Of Necroptotic Cell Death R-HSA-5675482; Caspase Activation Via Death Receptors In Presence Of Ligand R-HSA-140534; Intrinsic Pathway For Apoptosis R-HSA-109606; Regulation Of NF-kappa B Signaling R-HSA-9758274; BH3-only Proteins Associate With And Inactivate Anti-Apoptotic BCL-2 Members R-HSA-111453; Caspase Activation Via Extrinsic Apoptotic Signaling Pathway R-HSA-5357769; Defective RIPK1-mediated Regulated Necrosis R-HSA-9693928; TRAIL Signaling R-HSA-75158; TP53 Regulates Transcription Of Cell Death Genes R-HSA-5633008; Regulation Of TNFR1 Signaling R-HSA-5357905
5.5,Translesion Synthesis By Y Family DNA Polymerases Bypasses Lesions On DNA Template R-HSA-110313,3,1.4337399181950954,Translesion Synthesis By Y Family DNA Polymerases Bypasses Lesions On DNA Template R-HSA-110313; Termination Of Translesion DNA Synthesis R-HSA-5656169; DNA Damage Bypass R-HSA-73893
5.6,STING Mediated Induction Of Host Immune Responses R-HSA-1834941,3,1.1471442273389802,IRF3-mediated Induction Of Type I IFN R-HSA-3270619; Regulation Of Innate Immune Responses To Cytosolic DNA R-HSA-3134975; STING Mediated Induction Of Host Immune Responses R-HSA-1834941
6.1,FGFR2 Alternative Splicing R-HSA-6803529,30,-1.4609347760289073,Transcription Of HIV Genome R-HSA-167172; RNA Polymerase II Transcribes snRNA Genes R-HSA-6807505; SLBP Independent Processing Of Histone Pre-mRNAs R-HSA-111367; Formation Of HIV-1 Elongation Complex Containing HIV-1 Tat R-HSA-167200; Formation Of TC-NER Pre-Incision Complex R-HSA-6781823; Pausing And Recovery Of Tat-mediated HIV Elongation R-HSA-167238; RNA Polymerase III Transcription Termination R-HSA-73980; HIV Transcription Initiation R-HSA-167161; Signaling By FGFR2 In Disease R-HSA-5655253; RNA Polymerase III Transcription Initiation R-HSA-76046; Formation Of Early Elongation Complex R-HSA-113418; HIV Elongation Arrest And Recovery R-HSA-167287; Nonsense Mediated Decay (NMD) Enhanced By Exon Junction Complex (EJC) R-HSA-975957; RNA Polymerase III Transcription Initiation From Type 3 Promoter R-HSA-76071; Abortive Elongation Of HIV-1 Transcript In Absence Of Tat R-HSA-167242; Formation Of RNA Pol II Elongation Complex R-HSA-112382; RNA Polymerase III Transcription Initiation From Type 1 Promoter R-HSA-76061; FGFR2 Alternative Splicing R-HSA-6803529; Signaling By FGFR2 IIIa TM R-HSA-8851708; RNA Polymerase II Pre-transcription Events R-HSA-674695; Formation Of HIV Elongation Complex In Absence Of HIV Tat R-HSA-167152; Activation Of HOX Genes During Differentiation R-HSA-5619507; RNA Polymerase III Transcription Initiation From Type 2 Promoter R-HSA-76066; PIWI-interacting RNA (piRNA) Biogenesis R-HSA-5601884; SLBP Dependent Processing Of Replication-Dependent Histone Pre-mRNAs R-HSA-77588; Late Phase Of HIV Life Cycle R-HSA-162599; Signaling By FGFR In Disease R-HSA-1226099; Selenoamino Acid Metabolism R-HSA-2408522; RNA Polymerase III Chain Elongation R-HSA-73780; FGFR2 Mutant Receptor Activation R-HSA-1839126
6.2,PI-3K cascade:FGFR3 R-HSA-5654710,28,-1.2424990883259046,Signaling By FGFR R-HSA-190236; FGFR3 Ligand Binding And Activation R-HSA-190239; FGFR3b Ligand Binding And Activation R-HSA-190371; Downstream Signaling Of Activated FGFR4 R-HSA-5654716; Negative Regulation Of FGFR3 Signaling R-HSA-5654732; Downstream Signaling Of Activated FGFR2 R-HSA-5654696; PI3K Cascade R-HSA-109704; FRS-mediated FGFR4 Signaling R-HSA-5654712; Signaling By FGFR3 In Disease R-HSA-5655332; FGFR4 Ligand Binding And Activation R-HSA-190322; FRS-mediated FGFR3 Signaling R-HSA-5654706; FGFR3 Mutant Receptor Activation R-HSA-2033514; SHC-mediated cascade:FGFR3 R-HSA-5654704; Signaling By Type 1 Insulin-like Growth Factor 1 Receptor (IGF1R) R-HSA-2404192; PI-3K cascade:FGFR3 R-HSA-5654710; Phospholipase C-mediated Cascade; FGFR3 R-HSA-5654227; PI-3K cascade:FGFR2 R-HSA-5654695; Signaling By FGFR4 R-HSA-5654743; IRS-mediated Signaling R-HSA-112399; PI-3K cascade:FGFR4 R-HSA-5654720; PI-3K cascade:FGFR1 R-HSA-5654689; Phospholipase C-mediated Cascade; FGFR4 R-HSA-5654228; Signaling By FGFR3 R-HSA-5654741; Negative Regulation Of FGFR4 Signaling R-HSA-5654733; IRS-related Events Triggered By IGF1R R-HSA-2428928; Downstream Signaling Of Activated FGFR3 R-HSA-5654708; Insulin Receptor Signaling Cascade R-HSA-74751; IGF1R Signaling Cascade R-HSA-2428924
6.3,MET Activates RAP1 And RAC1 R-HSA-8875555,22,-1.220819222287519,Signaling By ERBB2 ECD Mutants R-HSA-9665348; Signaling By ERBB2 KD Mutants R-HSA-9664565; RHOJ GTPase Cycle R-HSA-9013409; MET Activates PI3K/AKT Signaling R-HSA-8851907; PI3K Events In ERBB2 Signaling R-HSA-1963642; Signaling By FGFR2 R-HSA-5654738; Prolonged ERK Activation Events R-HSA-169893; Signaling By FGFR4 In Disease R-HSA-5655291; RAS Signaling Downstream Of NF1 Loss-Of-Function Variants R-HSA-6802953; MET Receptor Recycling R-HSA-8875656; Activated NTRK2 Signals Thru PI3K R-HSA-9028335; Signaling By ERBB2 TMD/JMD Mutants R-HSA-9665686; Signaling By ERBB2 In Cancer R-HSA-1227990; Attachment Of GPI Anchor To uPAR R-HSA-162791; RHOG GTPase Cycle R-HSA-9013408; Frs2-mediated Activation R-HSA-170968; ERBB2 Activates PTK6 Signaling R-HSA-8847993; MET Activates RAP1 And RAC1 R-HSA-8875555; Activated NTRK2 Signals Thru FRS2 And FRS3 R-HSA-9028731; Signaling By ERBB2 R-HSA-1227986; Downregulation Of ERBB2:ERBB3 Signaling R-HSA-1358803; Downregulation Of ERBB2 Signaling R-HSA-8863795
7.1,Potassium Channels R-HSA-1296071,22,1.2279220834460949,Chaperonin-mediated Protein Folding R-HSA-390466; ADP Signaling Thru P2Y Purinoceptor 12 R-HSA-392170; Activation Of Kainate Receptors Upon Glutamate Binding R-HSA-451326; Thrombin Signaling Thru Proteinase Activated Receptors (PARs) R-HSA-456926; G Beta:Gamma Signaling Thru BTK R-HSA-8964315; Voltage Gated Potassium Channels R-HSA-1296072; Presynaptic Function Of Kainate Receptors R-HSA-500657; G-protein Beta:Gamma Signaling R-HSA-397795; Extra-nuclear Estrogen Signaling R-HSA-9009391; G Beta:Gamma Signaling Thru CDC42 R-HSA-8964616; G-protein Activation R-HSA-202040; Platelet Homeostasis R-HSA-418346; G Beta:Gamma Signaling Thru PI3Kgamma R-HSA-392451; G Alpha (Z) Signaling Events R-HSA-418597; G Alpha (Q) Signaling Events R-HSA-416476; Prostacyclin Signaling Thru Prostacyclin Receptor R-HSA-392851; Phase 1 - Inactivation Of Fast Na+ Channels R-HSA-5576894; Inwardly Rectifying K+ Channels R-HSA-1296065; Activation Of G Protein Gated Potassium Channels R-HSA-1296041; Free Fatty Acids Regulate Insulin Secretion R-HSA-400451; G Beta:Gamma Signaling Thru PLC Beta R-HSA-418217; Potassium Channels R-HSA-1296071
7.2,Chemokine Receptors Bind Chemokines R-HSA-380108,16,1.4585443911704294,"Transcriptional Regulation Of Testis Differentiation R-HSA-9690406; P2Y Receptors R-HSA-417957; Nucleotide-like (Purinergic) Receptors R-HSA-418038; Binding And Entry Of HIV Virion R-HSA-173107; RHOB GTPase Cycle R-HSA-9013026; G Alpha (I) Signaling Events R-HSA-418594; GPCR Downstream Signaling R-HSA-388396; GPCR Ligand Binding R-HSA-500792; Chemokine Receptors Bind Chemokines R-HSA-380108; WNT5A-dependent Internalization Of FZD2, FZD5 And ROR2 R-HSA-5140745; Signaling By GPCR R-HSA-372790; Class A/1 (Rhodopsin-like Receptors) R-HSA-373076; Formyl Peptide Receptors Bind Formyl Peptides And Many Other Ligands R-HSA-444473; WNT5A-dependent Internalization Of FZD4 R-HSA-5099900; Peptide Ligand-Binding Receptors R-HSA-375276; Free Fatty Acid Receptors R-HSA-444209"
7.3,Class B/2 (Secretin Family Receptors) R-HSA-373080,11,1.461695011853891,ADORA2B Mediated Anti-Inflammatory Cytokine Production R-HSA-9660821; G Alpha (S) Signaling Events R-HSA-418555; GPER1 Signaling R-HSA-9634597; Anti-inflammatory Response Favoring Leishmania Infection R-HSA-9662851; Class B/2 (Secretin Family Receptors) R-HSA-373080; Leishmania Infection R-HSA-9658195; Leukotriene Receptors R-HSA-391906; LTC4-CYSLTR Mediated IL4 Production R-HSA-9664535; Calcitonin-like Ligand Receptors R-HSA-419812; CD163 Mediating An Anti-Inflammatory Response R-HSA-9662834; Activation Of GABAB Receptors R-HSA-991365
8.1,DNA Methylation R-HSA-5334118,14,1.6148841455760852,Inhibition Of DNA Recombination At Telomere R-HSA-9670095; Activated PKN1 Stimulates Transcription Of Androgen Receptor Regulated KLK2 And KLK3 R-HSA-5625886; Transcriptional Regulation Of Granulopoiesis R-HSA-9616222; Amyloid Fiber Formation R-HSA-977225; SIRT1 Negatively Regulates rRNA Expression R-HSA-427359; RNA Polymerase I Promoter Opening R-HSA-73728; Assembly Of ORC Complex At Origin Of Replication R-HSA-68616; Reproduction R-HSA-1474165; HDR Thru MMEJ (alt-NHEJ) R-HSA-5685939; Packaging Of Telomere Ends R-HSA-171306; PRC2 Methylates Histones And DNA R-HSA-212300; Meiosis R-HSA-1500620; Cleavage Of Damaged Purine R-HSA-110331; DNA Methylation R-HSA-5334118
8.2,RUNX3 Regulates YAP1-mediated Transcription R-HSA-8951671,12,1.3848512816591676,"YAP1- And WWTR1 (TAZ)-stimulated Gene Expression R-HSA-2032785; Signaling By Hippo R-HSA-2028269; Synthesis, Secretion, And Inactivation Of Glucagon-like Peptide-1 (GLP-1) R-HSA-381771; Insulin Processing R-HSA-264876; Synthesis, Secretion, And Deacylation Of Ghrelin R-HSA-422085; Peptide Hormone Biosynthesis R-HSA-209952; Physiological Factors R-HSA-5578768; RUNX3 Regulates YAP1-mediated Transcription R-HSA-8951671; Incretin Synthesis, Secretion, And Inactivation R-HSA-400508; Metabolism Of Angiotensinogen To Angiotensins R-HSA-2022377; Synthesis, Secretion, And Inactivation Of Glucose-dependent Insulinotropic Polypeptide (GIP) R-HSA-400511; Peptide Hormone Metabolism R-HSA-2980736"
8.3,RUNX1 And FOXP3 Control Development Of Regulatory T Lymphocytes (Tregs) R-HSA-8877330,11,1.4003609798364147,RUNX1 Regulates Transcription Of Genes Involved In WNT Signaling R-HSA-8939256; RUNX2 Regulates Genes Involved In Cell Migration R-HSA-8941332; RUNX1 And FOXP3 Control Development Of Regulatory T Lymphocytes (Tregs) R-HSA-8877330; RUNX2 Regulates Osteoblast Differentiation R-HSA-8940973; RUNX1 Regulates Transcription Of Genes Involved In Interleukin Signaling R-HSA-8939247; RUNX3 Regulates p14-ARF R-HSA-8951936; RUNX1 Regulates Transcription Of Genes Involved In Differentiation Of Keratinocytes R-HSA-8939242; RUNX1 Regulates Transcription Of Genes Involved In BCR Signaling R-HSA-8939245; RUNX1 Regulates Genes Involved In Megakaryocyte Differentiation And Platelet Function R-HSA-8936459; RUNX3 Regulates Immune Response And Cell Migration R-HSA-8949275; RUNX1 Regulates Transcription Of Genes Involved In Differentiation Of Myeloid Cells R-HSA-8939246
8.4,Deposition Of New CENPA-containing Nucleosomes At Centromere R-HSA-606279,7,1.3489918178419118,Platelet Sensitization By LDL R-HSA-432142; Resolution Of Sister Chromatid Cohesion R-HSA-2500257; Unattached Kinetochores Signal Amplification Via A MAD2 Inhibitory Signal R-HSA-141444; Deposition Of New CENPA-containing Nucleosomes At Centromere R-HSA-606279; RHO GTPase Effectors R-HSA-195258; RHO GTPases Activate Formins R-HSA-5663220; EML4 And NUDC In Mitotic Spindle Formation R-HSA-9648025
8.5,Diseases Of Programmed Cell Death R-HSA-9645723,3,1.263668528829384,Deregulated CDK5 Triggers Neurodegenerative Pathways In Alzheimers Disease Models R-HSA-8862803; Defective Intrinsic Pathway For Apoptosis R-HSA-9734009; Diseases Of Programmed Cell Death R-HSA-9645723
9.1,Complement Cascade R-HSA-166658,5,1.8297092524695209,Lectin Pathway Of Complement Activation R-HSA-166662; Initial Triggering Of Complement R-HSA-166663; Complement Cascade R-HSA-166658; Creation Of C4 And C2 Activators R-HSA-166786; Ficolins Bind To Repetitive Carbohydrate Structures On Target Cell Surface R-HSA-2855086
9.2,Regulation Of IGF Transport And Uptake By IGFBPs R-HSA-381426,3,1.838756616475962,Activation Of C3 And C5 R-HSA-174577; Post-translational Protein Phosphorylation R-HSA-8957275; Regulation Of IGF Transport And Uptake By IGFBPs R-HSA-381426
9.3,Regulation Of Complement Cascade R-HSA-977606,2,1.9639700616033093,Regulation Of Complement Cascade R-HSA-977606; Classical Antibody-Mediated Complement Activation R-HSA-173623
10,Regulation Of Signaling By NODAL R-HSA-1433617,5,-1.3021002339817542,Signaling By Activin R-HSA-1502540; Signaling By BMP R-HSA-201451; Signaling By NODAL R-HSA-1181150; SMAD2/SMAD3:SMAD4 Heterotrimer Regulates Transcription R-HSA-2173796; Regulation Of Signaling By NODAL R-HSA-1433617
11,Mitochondrial Translation Elongation R-HSA-5389840,4,-2.065576315130051,Mitochondrial Translation Elongation R-HSA-5389840; Mitochondrial Translation Initiation R-HSA-5368286; Mitochondrial Translation R-HSA-5368287; Mitochondrial Translation Termination R-HSA-5419276
12,Digestion R-HSA-8935690,3,-1.5533895719389539,Digestion R-HSA-8935690; Digestion Of Dietary Lipid R-HSA-192456; Digestion Of Dietary Carbohydrate R-HSA-189085
13,Miro GTPase Cycle R-HSA-9715370,3,-1.568213450093283,Miro GTPase Cycle R-HSA-9715370; RHOT2 GTPase Cycle R-HSA-9013419; RHOT1 GTPase Cycle R-HSA-9013425
14,Golgi Associated Vesicle Biogenesis R-HSA-432722,3,-1.5633150576784292,Lysosome Vesicle Biogenesis R-HSA-432720; trans-Golgi Network Vesicle Budding R-HSA-199992; Golgi Associated Vesicle Biogenesis R-HSA-432722
15,Gap Junction Assembly R-HSA-190861,3,1.1138645643121547,Gap Junction Assembly R-HSA-190861; Gap Junction Trafficking And Regulation R-HSA-157858; Gap Junction Trafficking R-HSA-190828
16,Metallothioneins Bind Metals R-HSA-5661231,2,-2.0818153864203057,Metallothioneins Bind Metals R-HSA-5661231; Response To Metal Ions R-HSA-5660526
17,Mitochondrial Calcium Ion Transport R-HSA-8949215,2,-1.6841405592783647,Processing Of SMDT1 R-HSA-8949664; Mitochondrial Calcium Ion Transport R-HSA-8949215
18,Arachidonate Production From DAG R-HSA-426048,2,-1.1985295094780044,Arachidonate Production From DAG R-HSA-426048; Effects Of PIP2 Hydrolysis R-HSA-114508
19,rRNA Processing In Mitochondrion R-HSA-8868766,2,-1.3441997744626817,rRNA Processing In Mitochondrion R-HSA-8868766; rRNA Modification In Mitochondrion R-HSA-6793080
20,Purine Salvage R-HSA-74217,2,1.3464353370712319,Purine Salvage R-HSA-74217; Nucleotide Salvage R-HSA-8956321
21,Coenzyme A Biosynthesis R-HSA-196783,2,-1.2127933820553056,Vitamin B5 (Pantothenate) Metabolism R-HSA-199220; Coenzyme A Biosynthesis R-HSA-196783
22,RUNX3 Regulates WNT Signaling R-HSA-8951430,2,1.278744281544785,Binding Of TCF/LEF:CTNNB1 To Target Gene Promoters R-HSA-4411364; RUNX3 Regulates WNT Signaling R-HSA-8951430
23,Reversible Hydration Of Carbon Dioxide R-HSA-1475029,2,-1.3508567102530913,Erythrocytes Take Up Oxygen And Release Carbon Dioxide R-HSA-1247673; Reversible Hydration Of Carbon Dioxide R-HSA-1475029
24,Displacement Of DNA Glycosylase By APEX1 R-HSA-110357,2,-1.3016467356364825,Displacement Of DNA Glycosylase By APEX1 R-HSA-110357; Diseases Of Base Excision Repair R-HSA-9605308
25,N-Glycan Antennae Elongation R-HSA-975577,2,-1.20683461474552,N-Glycan Antennae Elongation R-HSA-975577; N-glycan Antennae Elongation In medial/trans-Golgi R-HSA-975576
26,DNA Damage Reversal R-HSA-73942,2,1.266568709824354,DNA Damage Reversal R-HSA-73942; Reversal Of Alkylation Damage By DNA Dioxygenases R-HSA-73943
27,SUMOylation Of Transcription Factors R-HSA-3232118,2,1.3100244798688627,TFAP2 (AP-2) Family Regulates Transcription Of Cell Cycle Factors R-HSA-8866911; SUMOylation Of Transcription Factors R-HSA-3232118
28,Transcriptional Regulation Of Pluripotent Stem Cells R-HSA-452723,2,-1.1466311400175202,"Transcriptional Regulation Of Pluripotent Stem Cells R-HSA-452723; POU5F1 (OCT4), SOX2, NANOG Repress Genes Related To Differentiation R-HSA-2892245"
29,Toxicity Of Botulinum Toxin Type F (botF) R-HSA-5250981,2,1.1220295291868068,Toxicity Of Botulinum Toxin Type F (botF) R-HSA-5250981; Toxicity Of Botulinum Toxin Type D (botD) R-HSA-5250955
30,Formation Of Cornified Envelope R-HSA-6809371,2,1.328796830941983,Keratinization R-HSA-6805567; Formation Of Cornified Envelope R-HSA-6809371
31,Mitochondrial tRNA Aminoacylation R-HSA-379726,1,-1.9265754500476728,Mitochondrial tRNA Aminoacylation R-HSA-379726
32,Tryptophan Catabolism R-HSA-71240,1,1.940845693353913,Tryptophan Catabolism R-HSA-71240
33,Synthesis Of Glycosylphosphatidylinositol (GPI) R-HSA-162710,1,-1.7098758851675098,Synthesis Of Glycosylphosphatidylinositol (GPI) R-HSA-162710
34,Retrograde Transport At Trans-Golgi-Network R-HSA-6811440,1,-1.7397526334288438,Retrograde Transport At Trans-Golgi-Network R-HSA-6811440
35,Mitochondrial Iron-Sulfur Cluster Biogenesis R-HSA-1362409,1,-1.5204164027321458,Mitochondrial Iron-Sulfur Cluster Biogenesis R-HSA-1362409
36,Linoleic Acid (LA) Metabolism R-HSA-2046105,1,1.4433830302404251,Linoleic Acid (LA) Metabolism R-HSA-2046105
37,Diseases Associated With Visual Transduction R-HSA-2474795,1,-1.4026551643802705,Diseases Associated With Visual Transduction R-HSA-2474795
38,Bicarbonate Transporters R-HSA-425381,1,-1.3281204095558636,Bicarbonate Transporters R-HSA-425381
39,Phenylalanine Metabolism R-HSA-8964208,1,1.2774658375985457,Phenylalanine Metabolism R-HSA-8964208
40,Phosphate Bond Hydrolysis By NUDT Proteins R-HSA-2393930,1,-1.1614829248740677,Phosphate Bond Hydrolysis By NUDT Proteins R-HSA-2393930
41,Molybdenum Cofactor Biosynthesis R-HSA-947581,1,-1.2028016480274846,Molybdenum Cofactor Biosynthesis R-HSA-947581
42,AKT Phosphorylates Targets In Cytosol R-HSA-198323,1,-1.2810204263667075,AKT Phosphorylates Targets In Cytosol R-HSA-198323
43,Miscellaneous Transport And Binding Events R-HSA-5223345,1,-1.066830962624845,Miscellaneous Transport And Binding Events R-HSA-5223345
44,Metabolism Of Folate And Pterines R-HSA-196757,1,1.091621977847114,Metabolism Of Folate And Pterines R-HSA-196757
45,Pentose Phosphate Pathway R-HSA-71336,1,-0.9781538550819412,Pentose Phosphate Pathway R-HSA-71336
46,HDMs Demethylate Histones R-HSA-3214842,1,-1.2171947215584438,HDMs Demethylate Histones R-HSA-3214842
47,SARS-CoV-2 Targets PDZ Proteins In Cell-Cell Junction R-HSA-9705677,1,-1.166762967952358,SARS-CoV-2 Targets PDZ Proteins In Cell-Cell Junction R-HSA-9705677
48,"BMAL1:CLOCK,NPAS2 Activates Circadian Gene Expression R-HSA-1368108",1,0.9296495732930002,"BMAL1:CLOCK,NPAS2 Activates Circadian Gene Expression R-HSA-1368108"
49,Methylation R-HSA-156581,1,1.0303189125938466,Methylation R-HSA-156581
50,Transport Of Fatty Acids R-HSA-804914,1,-1.1253643031022558,Transport Of Fatty Acids R-HSA-804914
51,RHO GTPases Activate Rhotekin And Rhophilins R-HSA-5666185,1,-1.1074885301281023,RHO GTPases Activate Rhotekin And Rhophilins R-HSA-5666185
52,Mitochondrial Uncoupling R-HSA-166187,1,0.9840708006611852,Mitochondrial Uncoupling R-HSA-166187
53,Conjugation Of Benzoate With Glycine R-HSA-177135,1,1.147554178792318,Conjugation Of Benzoate With Glycine R-HSA-177135
54,Processing And Activation Of SUMO R-HSA-3215018,1,-1.1403206577152254,Processing And Activation Of SUMO R-HSA-3215018
